{
  "H": 1.00794,
  "He": 4.002602,
  "Li": 6.941,
  "Be": 9.012183,
  "B": 10.81,
  "C": 12.011,
  "N": 14.00674,
  "O": 15.9994,
  "F": 18.998403,
  "Ne": 20.1797,
  "Na": 22.989768,
  "Mg": 24.3050,
  "Al": 26.981539,
  "Si": 28.085,
  "P": 30.973762,
  "S": 32.066,
  "Cl": 35.4527,
  "Ar": 39.948,
  "K": 39.0983,
  "Ca": 40.078,
  "Sc": 44.955908,
  "Ti": 47.867,
  "V": 50.9415,
  "Cr": 51.9961,
  "Mn": 54.938044,
  "Fe": 55.845,
  "Co": 58.933194,
  "Ni": 58.6934,
  "Cu": 63.546,
  "Zn": 65.38,
  "Ga": 69.723,
  "Ge": 72.630,
  "As": 74.921595,
  "Se": 78.971,
  "Br": 79.904,
  "Kr": 83.798,
  "Rb": 85.4678,
  "Sr": 87.62,
  "Y": 88.90584,
  "Zr": 91.224,
  "Nb": 92.90637,
  "Mo": 95.95,
  "Tc": 98.9062,
  "Ru": 101.07,
  "Rh": 102.90550,
  "Pd": 106.42,
  "Ag": 107.8682,
  "Cd": 112.414,
  "In": 114.818,
  "Sn": 118.710,
  "Sb": 121.760,
  "Te": 127.60,
  "I": 126.90447,
  "Xe": 131.293,
  "Cs": 132.905452,
  "Ba": 137.327,
  "La": 138.905,
  "Ce": 140.116,
  "Pr": 140.90766,
  "Nd": 144.242,
  "Pm": 145,
  "Sm": 150.36,
  "Eu": 151.964,
  "Gd": 157.25,
  "Tb": 158.92535,
  "Dy": 162.500,
  "Ho": 164.93033,
  "Er": 167.259,
  "Tm": 168.93422,
  "Yb": 173.054,
  "Lu": 174.9668,
  "Hf": 178.49,
  "Ta": 180.94788,
  "W": 183.84,
  "Re": 186.207,
  "Os": 190.23,
  "Ir": 192.217,
  "Pt": 195.084,
  "Au": 196.966569,
  "Hg": 200.592,
  "Tl": 204.3833,
  "Pb": 207.2,
  "Bi": 208.98040,
  "Po": 209,
  "At": 210,
  "Rn": 222,
  "Fr": 223,
  "Ra": 226,
  "Ac": 227,
  "Th": 232.0377,
  "Pa": 231.03588,
  "U": 238.02891,
  "Np": 237.0482,
  "Pu": 244,
  "Am": 243
}
